<?xml version="1.0" encoding="UTF-8"?>
<launch4jConfig>
  <dontWrapJar>false</dontWrapJar>
  <headerType>gui</headerType>
  <jar>C:\Users\hp 250 G9\Desktop\IGISUBIZO PATRICK 23-BSE-BU-R-1003\IGISUBIZO PATRICK 23-BSE-BU-R-1003\Calculator\CALCULATOR.jar</jar>
  <outfile>C:\Users\hp 250 G9\Desktop\IGISUBIZO PATRICK 23-BSE-BU-R-1003\IGISUBIZO PATRICK 23-BSE-BU-R-1003\Calculator\calculator.exe</outfile>
  <errTitle></errTitle>
  <cmdLine></cmdLine>
  <chdir>.</chdir>
  <priority>normal</priority>
  <downloadUrl></downloadUrl>
  <supportUrl></supportUrl>
  <stayAlive>false</stayAlive>
  <restartOnCrash>false</restartOnCrash>
  <manifest></manifest>
  <icon></icon>
  <jre>
    <path>%JAVA_HOME%;%PATH%</path>
    <requiresJdk>false</requiresJdk>
    <requires64Bit>false</requires64Bit>
    <minVersion></minVersion>
    <maxVersion></maxVersion>
  </jre>
</launch4jConfig>